experiment_id,experiment_run,round,client_id,js
2,2,1,22,1.0858672857284546
2,2,1,10,0.9586625099182129
2,2,1,3,0.8953201770782471
2,2,1,5,0.7174996733665466
2,2,1,11,0.9644761681556702
2,2,1,24,0.7537928223609924
2,2,1,9,0.8271645307540894
2,2,1,16,0.8934539556503296
2,2,1,14,0.9039335250854492
2,2,1,23,0.9552875757217407
2,2,1,4,0.7205358743667603
2,2,1,6,0.738974392414093
2,2,1,13,0.815389096736908
2,2,1,12,0.6904104948043823
2,2,1,1,0.9279332756996155
2,2,1,15,0.7371573448181152
2,2,1,2,1.1093943119049072
2,2,1,18,0.5951540470123291
2,2,1,7,0.5220264792442322
2,2,1,19,0.6948221921920776
2,2,1,20,0.8506829142570496
2,2,1,0,0.771590530872345
2,2,1,17,0.7817322611808777
2,2,1,21,0.8045416474342346
2,2,1,8,0.7214305996894836
2,2,2,19,0.8416430950164795
2,2,2,2,0.9484160542488098
2,2,2,10,1.1919533014297485
2,2,2,15,0.7980756759643555
2,2,2,18,0.6721409559249878
2,2,2,17,0.7251286506652832
2,2,2,21,0.8349177241325378
2,2,2,9,0.8763180375099182
2,2,2,7,0.5230478048324585
2,2,2,4,0.7426431179046631
2,2,2,1,0.6660736203193665
2,2,2,12,0.683607280254364
2,2,2,5,0.7067833542823792
2,2,2,3,0.726906955242157
2,2,2,11,0.7502948641777039
2,2,2,8,0.5926227569580078
2,2,2,14,0.8174268007278442
2,2,2,22,0.9153724908828735
2,2,2,6,0.883260190486908
2,2,2,13,0.8038932681083679
2,2,2,20,1.1083226203918457
2,2,2,16,1.2251979112625122
2,2,2,24,0.9127177000045776
2,2,2,23,0.8156272172927856
2,2,2,0,0.8267655372619629
2,2,3,14,0.3506318926811218
2,2,3,17,0.3326422870159149
2,2,3,5,0.373559832572937
2,2,3,19,0.4777558743953705
2,2,3,7,0.3113073408603668
2,2,3,15,0.419322669506073
2,2,3,23,0.4587029814720154
2,2,3,11,0.4076653718948364
2,2,3,9,0.3550381064414978
2,2,3,22,0.4654269218444824
2,2,3,8,0.3947344124317169
2,2,3,2,0.38255465030670166
2,2,3,3,0.40175092220306396
2,2,3,13,0.352617084980011
2,2,3,21,0.3942587375640869
2,2,3,4,0.4846585988998413
2,2,3,18,0.2624205946922302
2,2,3,12,0.3317109942436218
2,2,3,10,0.6367580890655518
2,2,3,24,0.6521863341331482
2,2,3,16,0.5157653093338013
2,2,3,20,0.5446100831031799
2,2,3,1,0.4018021523952484
2,2,3,0,0.6042481660842896
2,2,3,6,0.5989207625389099
2,2,4,22,0.11569982767105103
2,2,4,8,0.17044641077518463
2,2,4,3,0.13573390245437622
2,2,4,6,0.20231394469738007
2,2,4,13,0.08042749762535095
2,2,4,2,0.06813845038414001
2,2,4,0,0.13192689418792725
2,2,4,15,0.1434812843799591
2,2,4,9,0.11341667920351028
2,2,4,21,0.15886278450489044
2,2,4,1,0.12010291963815689
2,2,4,5,0.13439859449863434
2,2,4,19,0.18666456639766693
2,2,4,17,0.12497103959321976
2,2,4,16,0.1043674647808075
2,2,4,24,0.19671806693077087
2,2,4,10,0.19687120616436005
2,2,4,4,0.16769208014011383
2,2,4,11,0.13495340943336487
2,2,4,18,0.09873854368925095
2,2,4,23,0.19444148242473602
2,2,4,14,0.19175854325294495
2,2,4,12,0.1848239302635193
2,2,4,7,0.11429332196712494
2,2,4,20,0.10448794811964035
2,2,5,20,0.048122745007276535
2,2,5,16,0.05738764628767967
2,2,5,22,0.08320824801921844
2,2,5,24,0.06780647486448288
2,2,5,5,0.06743033230304718
2,2,5,6,0.10848472267389297
2,2,5,21,0.08266090601682663
2,2,5,15,0.0545070543885231
2,2,5,7,0.08472040295600891
2,2,5,23,0.1321718841791153
2,2,5,8,0.09541445970535278
2,2,5,10,0.12535065412521362
2,2,5,17,0.08083594590425491
2,2,5,11,0.09854333847761154
2,2,5,18,0.06889177858829498
2,2,5,14,0.13067267835140228
2,2,5,3,0.1008220762014389
2,2,5,19,0.11505454033613205
2,2,5,13,0.07925618439912796
2,2,5,12,0.1073526069521904
2,2,5,0,0.06240310147404671
2,2,5,9,0.06235373765230179
2,2,5,1,0.05280430614948273
2,2,5,2,0.057908374816179276
2,2,5,4,0.07724706083536148
2,2,6,18,0.04634849727153778
2,2,6,3,0.09173419326543808
2,2,6,1,0.04952975735068321
2,2,6,7,0.08908534049987793
2,2,6,9,0.052256990224123
2,2,6,13,0.051915716379880905
2,2,6,10,0.07341965287923813
2,2,6,8,0.09030325710773468
2,2,6,15,0.07097731530666351
2,2,6,16,0.04783079773187637
2,2,6,19,0.10323262959718704
2,2,6,22,0.07469009608030319
2,2,6,20,0.04283418878912926
2,2,6,4,0.05482802540063858
2,2,6,14,0.08625076711177826
2,2,6,11,0.10047027468681335
2,2,6,21,0.06875278800725937
2,2,6,0,0.0522928424179554
2,2,6,6,0.103084035217762
2,2,6,24,0.05434804782271385
2,2,6,5,0.04654460772871971
2,2,6,12,0.10378316789865494
2,2,6,2,0.054479971528053284
2,2,6,17,0.06306620687246323
2,2,6,23,0.11509333550930023
2,2,7,15,0.06926333159208298
2,2,7,6,0.10126379132270813
2,2,7,7,0.0898955911397934
2,2,7,13,0.0804172158241272
2,2,7,23,0.09358793497085571
2,2,7,2,0.047167688608169556
2,2,7,0,0.04671896621584892
2,2,7,21,0.06568969786167145
2,2,7,5,0.06615995615720749
2,2,7,16,0.03244466707110405
2,2,7,3,0.1257527619600296
2,2,7,9,0.04727115482091904
2,2,7,24,0.04905734211206436
2,2,7,19,0.06309454143047333
2,2,7,8,0.07177762687206268
2,2,7,1,0.04743187129497528
2,2,7,18,0.044634584337472916
2,2,7,22,0.08816412836313248
2,2,7,12,0.09563061594963074
2,2,7,17,0.06277865916490555
2,2,7,4,0.058961644768714905
2,2,7,20,0.03245261684060097
2,2,7,11,0.08003886044025421
2,2,7,14,0.0971720814704895
2,2,7,10,0.0767458826303482
2,2,8,24,0.04550498351454735
2,2,8,8,0.08162575215101242
2,2,8,21,0.07645419239997864
2,2,8,22,0.06281276047229767
2,2,8,6,0.09333515167236328
2,2,8,10,0.07119782269001007
2,2,8,16,0.03585338220000267
2,2,8,20,0.03484196215867996
2,2,8,12,0.08261984586715698
2,2,8,18,0.03974124416708946
2,2,8,0,0.04209095984697342
2,2,8,11,0.0827157273888588
2,2,8,3,0.08757934719324112
2,2,8,15,0.060160599648952484
2,2,8,7,0.047895047813653946
2,2,8,2,0.042216651141643524
2,2,8,17,0.06648469716310501
2,2,8,1,0.03731032460927963
2,2,8,14,0.12351703643798828
2,2,8,4,0.0528327077627182
2,2,8,19,0.04994399473071098
2,2,8,9,0.054866302758455276
2,2,8,5,0.06114485114812851
2,2,8,13,0.06402815133333206
2,2,8,23,0.10190759599208832
2,2,9,0,0.0499798022210598
2,2,9,2,0.05104822292923927
2,2,9,24,0.039765968918800354
2,2,9,19,0.052878160029649734
2,2,9,4,0.04253455623984337
2,2,9,12,0.069419264793396
2,2,9,22,0.059175003319978714
2,2,9,14,0.0781295895576477
2,2,9,11,0.07236316055059433
2,2,9,1,0.03358546271920204
2,2,9,10,0.05783810839056969
2,2,9,21,0.057805463671684265
2,2,9,8,0.05796964839100838
2,2,9,5,0.058612074702978134
2,2,9,23,0.09834446758031845
2,2,9,16,0.04239550605416298
2,2,9,9,0.041493698954582214
2,2,9,20,0.03354065492749214
2,2,9,15,0.05136140063405037
2,2,9,13,0.030186163261532784
2,2,9,18,0.042841050773859024
2,2,9,3,0.08435050398111343
2,2,9,6,0.10159207135438919
2,2,9,7,0.06608625501394272
2,2,9,17,0.05199204757809639
2,2,10,18,0.04108162596821785
2,2,10,3,0.08515914529561996
2,2,10,15,0.05755278095602989
2,2,10,12,0.07842174917459488
2,2,10,17,0.052464403212070465
2,2,10,20,0.019855115562677383
2,2,10,8,0.06791145354509354
2,2,10,21,0.06196427717804909
2,2,10,13,0.047394126653671265
2,2,10,5,0.060465697199106216
2,2,10,16,0.03399378061294556
2,2,10,7,0.06619750708341599
2,2,10,1,0.031356144696474075
2,2,10,4,0.042710427194833755
2,2,10,22,0.07153116166591644
2,2,10,6,0.11433984339237213
2,2,10,9,0.04562483727931976
2,2,10,24,0.036817219108343124
2,2,10,23,0.09253154695034027
2,2,10,11,0.07386273145675659
2,2,10,2,0.03290456533432007
2,2,10,0,0.04822327569127083
2,2,10,19,0.07262764126062393
2,2,10,10,0.06526041030883789
2,2,10,14,0.08871959149837494
